"AbrangÃªncia";"Partido";"Eleitores";"%"
"AC";"AVANTE";"664";"0,004"
"AC";"DC";"1.250";"0,007"
"AC";"DEM";"3.104";"0,018"
"AC";"MDB";"8.728";"0,052"
"AC";"NOVO";"22";"0,000"
"AC";"PATRI";"270";"0,002"
"AC";"PC DO B";"8.168";"0,049"
"AC";"PCB";"84";"0,001"
"AC";"PCO";"25";"0,000"
"AC";"PDT";"2.207";"0,013"
"AC";"PHS";"2.806";"0,017"
"AC";"PMB";"1.253";"0,007"
"AC";"PMN";"1.260";"0,008"
"AC";"PODE";"1.391";"0,008"
"AC";"PP";"6.041";"0,036"
"AC";"PPL";"68";"0,000"
"AC";"PPS";"1.515";"0,009"
"AC";"PR";"1.910";"0,011"
"AC";"PRB";"1.798";"0,011"
"AC";"PROS";"1.117";"0,007"
"AC";"PRP";"719";"0,004"
"AC";"PRTB";"1.356";"0,008"
"AC";"PSB";"3.972";"0,024"
"AC";"PSC";"1.537";"0,009"
"AC";"PSD";"1.046";"0,006"
"AC";"PSDB";"6.012";"0,036"
"AC";"PSL";"448";"0,003"
"AC";"PSOL";"1.602";"0,010"
"AC";"PSTU";"75";"0,000"
"AC";"PT";"10.388";"0,062"
"AC";"PTB";"2.016";"0,012"
"AC";"PTC";"1.119";"0,007"
"AC";"PV";"1.831";"0,011"
"AC";"REDE";"110";"0,001"
"AC";"SD";"450";"0,003"
"AL";"AVANTE";"4.381";"0,026"
"AL";"DC";"2.454";"0,015"
"AL";"DEM";"10.213";"0,061"
"AL";"MDB";"16.164";"0,096"
"AL";"NOVO";"101";"0,001"
"AL";"PATRI";"919";"0,005"
"AL";"PC DO B";"3.485";"0,021"
"AL";"PCB";"32";"0,000"
"AL";"PCO";"66";"0,000"
"AL";"PDT";"9.738";"0,058"
"AL";"PHS";"3.624";"0,022"
"AL";"PMB";"288";"0,002"
"AL";"PMN";"3.813";"0,023"
"AL";"PODE";"2.628";"0,016"
"AL";"PP";"15.530";"0,093"
"AL";"PPL";"853";"0,005"
"AL";"PPS";"5.994";"0,036"
"AL";"PR";"9.164";"0,055"
"AL";"PRB";"5.068";"0,030"
"AL";"PROS";"1.242";"0,007"
"AL";"PRP";"8.244";"0,049"
"AL";"PRTB";"3.205";"0,019"
"AL";"PSB";"14.020";"0,084"
"AL";"PSC";"6.503";"0,039"
"AL";"PSD";"3.408";"0,020"
"AL";"PSDB";"12.789";"0,076"
"AL";"PSL";"4.285";"0,026"
"AL";"PSOL";"2.421";"0,014"
"AL";"PSTU";"239";"0,001"
"AL";"PT";"9.947";"0,059"
"AL";"PTB";"10.692";"0,064"
"AL";"PTC";"2.592";"0,015"
"AL";"PV";"4.219";"0,025"
"AL";"REDE";"130";"0,001"
"AL";"SD";"4.720";"0,028"
"AM";"AVANTE";"3.788";"0,023"
"AM";"DC";"4.821";"0,029"
"AM";"DEM";"11.685";"0,070"
"AM";"MDB";"14.578";"0,087"
"AM";"NOVO";"101";"0,001"
"AM";"PATRI";"2.627";"0,016"
"AM";"PC DO B";"20.954";"0,125"
"AM";"PCB";"898";"0,005"
"AM";"PCO";"162";"0,001"
"AM";"PDT";"7.629";"0,045"
"AM";"PHS";"7.319";"0,044"
"AM";"PMB";"2.453";"0,015"
"AM";"PMN";"5.448";"0,032"
"AM";"PODE";"5.243";"0,031"
"AM";"PP";"13.474";"0,080"
"AM";"PPL";"859";"0,005"
"AM";"PPS";"6.750";"0,040"
"AM";"PR";"11.753";"0,070"
"AM";"PRB";"4.156";"0,025"
"AM";"PROS";"5.807";"0,035"
"AM";"PRP";"3.490";"0,021"
"AM";"PRTB";"3.877";"0,023"
"AM";"PSB";"6.323";"0,038"
"AM";"PSC";"19.150";"0,114"
"AM";"PSD";"5.854";"0,035"
"AM";"PSDB";"12.742";"0,076"
"AM";"PSL";"6.647";"0,040"
"AM";"PSOL";"2.356";"0,014"
"AM";"PSTU";"148";"0,001"
"AM";"PT";"17.803";"0,106"
"AM";"PTB";"11.315";"0,067"
"AM";"PTC";"5.600";"0,033"
"AM";"PV";"5.966";"0,036"
"AM";"REDE";"368";"0,002"
"AM";"SD";"4.323";"0,026"
"AP";"AVANTE";"1.287";"0,008"
"AP";"DC";"983";"0,006"
"AP";"DEM";"6.547";"0,039"
"AP";"MDB";"4.920";"0,029"
"AP";"NOVO";"17";"0,000"
"AP";"PATRI";"505";"0,003"
"AP";"PC DO B";"2.702";"0,016"
"AP";"PCB";"219";"0,001"
"AP";"PDT";"10.302";"0,061"
"AP";"PHS";"539";"0,003"
"AP";"PMB";"1.144";"0,007"
"AP";"PMN";"755";"0,004"
"AP";"PODE";"547";"0,003"
"AP";"PP";"6.061";"0,036"
"AP";"PPL";"216";"0,001"
"AP";"PPS";"1.394";"0,008"
"AP";"PR";"4.103";"0,024"
"AP";"PRB";"2.790";"0,017"
"AP";"PROS";"2.197";"0,013"
"AP";"PRP";"949";"0,006"
"AP";"PRTB";"1.115";"0,007"
"AP";"PSB";"6.042";"0,036"
"AP";"PSC";"1.249";"0,007"
"AP";"PSD";"2.322";"0,014"
"AP";"PSDB";"7.589";"0,045"
"AP";"PSL";"2.227";"0,013"
"AP";"PSOL";"10.581";"0,063"
"AP";"PSTU";"230";"0,001"
"AP";"PT";"7.044";"0,042"
"AP";"PTB";"2.755";"0,016"
"AP";"PTC";"632";"0,004"
"AP";"PV";"2.622";"0,016"
"AP";"REDE";"1.633";"0,010"
"AP";"SD";"2.345";"0,014"
"BA";"AVANTE";"19.050";"0,114"
"BA";"DC";"11.358";"0,068"
"BA";"DEM";"89.579";"0,534"
"BA";"MDB";"93.146";"0,555"
"BA";"NOVO";"437";"0,003"
"BA";"PATRI";"6.229";"0,037"
"BA";"PC DO B";"40.838";"0,243"
"BA";"PCB";"577";"0,003"
"BA";"PCO";"500";"0,003"
"BA";"PDT";"45.896";"0,274"
"BA";"PHS";"14.850";"0,088"
"BA";"PMB";"2.195";"0,013"
"BA";"PMN";"12.182";"0,073"
"BA";"PODE";"16.558";"0,099"
"BA";"PP";"73.109";"0,436"
"BA";"PPL";"4.009";"0,024"
"BA";"PPS";"13.783";"0,082"
"BA";"PR";"53.117";"0,317"
"BA";"PRB";"47.756";"0,285"
"BA";"PROS";"5.623";"0,034"
"BA";"PRP";"24.342";"0,145"
"BA";"PRTB";"8.622";"0,051"
"BA";"PSB";"31.949";"0,190"
"BA";"PSC";"41.428";"0,247"
"BA";"PSD";"28.853";"0,172"
"BA";"PSDB";"63.006";"0,375"
"BA";"PSL";"24.063";"0,143"
"BA";"PSOL";"15.767";"0,094"
"BA";"PSTU";"261";"0,002"
"BA";"PT";"84.068";"0,501"
"BA";"PTB";"64.275";"0,383"
"BA";"PTC";"22.254";"0,133"
"BA";"PV";"21.035";"0,125"
"BA";"REDE";"1.062";"0,006"
"BA";"SD";"11.611";"0,069"
"CE";"AVANTE";"3.990";"0,024"
"CE";"DC";"6.751";"0,040"
"CE";"DEM";"28.273";"0,168"
"CE";"MDB";"48.163";"0,287"
"CE";"NOVO";"382";"0,002"
"CE";"PATRI";"2.670";"0,016"
"CE";"PC DO B";"21.963";"0,131"
"CE";"PCB";"353";"0,002"
"CE";"PCO";"79";"0,000"
"CE";"PDT";"30.396";"0,181"
"CE";"PHS";"10.265";"0,061"
"CE";"PMB";"2.706";"0,016"
"CE";"PMN";"6.174";"0,037"
"CE";"PODE";"7.173";"0,043"
"CE";"PP";"37.253";"0,222"
"CE";"PPL";"2.778";"0,017"
"CE";"PPS";"26.118";"0,156"
"CE";"PR";"21.813";"0,130"
"CE";"PRB";"18.869";"0,112"
"CE";"PROS";"3.078";"0,018"
"CE";"PRP";"7.735";"0,046"
"CE";"PRTB";"5.686";"0,034"
"CE";"PSB";"24.674";"0,147"
"CE";"PSC";"10.583";"0,063"
"CE";"PSD";"9.471";"0,056"
"CE";"PSDB";"57.508";"0,343"
"CE";"PSL";"10.931";"0,065"
"CE";"PSOL";"2.898";"0,017"
"CE";"PSTU";"2.110";"0,013"
"CE";"PT";"79.683";"0,475"
"CE";"PTB";"34.646";"0,206"
"CE";"PTC";"3.219";"0,019"
"CE";"PV";"12.438";"0,074"
"CE";"REDE";"1.129";"0,007"
"CE";"SD";"4.119";"0,025"
"DF";"AVANTE";"2.423";"0,014"
"DF";"DC";"550";"0,003"
"DF";"DEM";"18.394";"0,110"
"DF";"MDB";"25.376";"0,151"
"DF";"NOVO";"602";"0,004"
"DF";"PATRI";"570";"0,003"
"DF";"PC DO B";"1.629";"0,010"
"DF";"PCB";"542";"0,003"
"DF";"PCO";"97";"0,001"
"DF";"PDT";"12.544";"0,075"
"DF";"PHS";"2.963";"0,018"
"DF";"PMB";"222";"0,001"
"DF";"PMN";"2.231";"0,013"
"DF";"PODE";"1.257";"0,007"
"DF";"PP";"18.850";"0,112"
"DF";"PPL";"738";"0,004"
"DF";"PPS";"5.399";"0,032"
"DF";"PR";"11.675";"0,070"
"DF";"PRB";"2.935";"0,017"
"DF";"PROS";"1.126";"0,007"
"DF";"PRP";"1.510";"0,009"
"DF";"PRTB";"3.813";"0,023"
"DF";"PSB";"6.338";"0,038"
"DF";"PSC";"14.016";"0,084"
"DF";"PSD";"496";"0,003"
"DF";"PSDB";"28.138";"0,168"
"DF";"PSL";"1.686";"0,010"
"DF";"PSOL";"3.465";"0,021"
"DF";"PSTU";"502";"0,003"
"DF";"PT";"19.630";"0,117"
"DF";"PTB";"5.215";"0,031"
"DF";"PTC";"2.261";"0,013"
"DF";"PV";"1.072";"0,006"
"DF";"REDE";"593";"0,004"
"DF";"SD";"6.602";"0,039"
"ES";"AVANTE";"6.822";"0,041"
"ES";"DC";"3.418";"0,020"
"ES";"DEM";"16.912";"0,101"
"ES";"MDB";"42.152";"0,251"
"ES";"NOVO";"347";"0,002"
"ES";"PATRI";"1.788";"0,011"
"ES";"PC DO B";"6.201";"0,037"
"ES";"PCB";"428";"0,003"
"ES";"PCO";"125";"0,001"
"ES";"PDT";"31.827";"0,190"
"ES";"PHS";"3.916";"0,023"
"ES";"PMB";"1.982";"0,012"
"ES";"PMN";"10.000";"0,060"
"ES";"PODE";"4.889";"0,029"
"ES";"PP";"31.080";"0,185"
"ES";"PPL";"1.120";"0,007"
"ES";"PPS";"15.319";"0,091"
"ES";"PR";"13.529";"0,081"
"ES";"PRB";"5.622";"0,034"
"ES";"PROS";"3.090";"0,018"
"ES";"PRP";"5.148";"0,031"
"ES";"PRTB";"3.880";"0,023"
"ES";"PSB";"21.453";"0,128"
"ES";"PSC";"8.049";"0,048"
"ES";"PSD";"4.056";"0,024"
"ES";"PSDB";"24.832";"0,148"
"ES";"PSL";"5.532";"0,033"
"ES";"PSOL";"1.356";"0,008"
"ES";"PSTU";"558";"0,003"
"ES";"PT";"24.866";"0,148"
"ES";"PTB";"22.515";"0,134"
"ES";"PTC";"6.498";"0,039"
"ES";"PV";"8.223";"0,049"
"ES";"REDE";"1.620";"0,010"
"ES";"SD";"4.036";"0,024"
"GO";"AVANTE";"5.082";"0,030"
"GO";"DC";"9.627";"0,057"
"GO";"DEM";"46.775";"0,279"
"GO";"MDB";"138.439";"0,825"
"GO";"NOVO";"326";"0,002"
"GO";"PATRI";"2.152";"0,013"
"GO";"PC DO B";"18.196";"0,108"
"GO";"PCB";"440";"0,003"
"GO";"PCO";"86";"0,001"
"GO";"PDT";"24.231";"0,144"
"GO";"PHS";"8.679";"0,052"
"GO";"PMB";"1.517";"0,009"
"GO";"PMN";"6.030";"0,036"
"GO";"PODE";"8.691";"0,052"
"GO";"PP";"56.623";"0,337"
"GO";"PPL";"1.154";"0,007"
"GO";"PPS";"15.495";"0,092"
"GO";"PR";"40.025";"0,239"
"GO";"PRB";"12.623";"0,075"
"GO";"PROS";"7.621";"0,045"
"GO";"PRP";"7.745";"0,046"
"GO";"PRTB";"7.725";"0,046"
"GO";"PSB";"19.433";"0,116"
"GO";"PSC";"14.831";"0,088"
"GO";"PSD";"13.388";"0,080"
"GO";"PSDB";"78.898";"0,470"
"GO";"PSL";"7.925";"0,047"
"GO";"PSOL";"3.088";"0,018"
"GO";"PSTU";"250";"0,001"
"GO";"PT";"46.904";"0,280"
"GO";"PTB";"38.191";"0,228"
"GO";"PTC";"14.430";"0,086"
"GO";"PV";"8.309";"0,050"
"GO";"REDE";"821";"0,005"
"GO";"SD";"7.401";"0,044"
"MA";"AVANTE";"11.564";"0,069"
"MA";"DC";"12.449";"0,074"
"MA";"DEM";"39.127";"0,233"
"MA";"MDB";"49.949";"0,298"
"MA";"NOVO";"77";"0,000"
"MA";"PATRI";"5.573";"0,033"
"MA";"PC DO B";"27.023";"0,161"
"MA";"PCB";"1.883";"0,011"
"MA";"PCO";"39";"0,000"
"MA";"PDT";"42.101";"0,251"
"MA";"PHS";"11.083";"0,066"
"MA";"PMB";"2.323";"0,014"
"MA";"PMN";"13.239";"0,079"
"MA";"PODE";"7.550";"0,045"
"MA";"PP";"35.293";"0,210"
"MA";"PPL";"2.104";"0,013"
"MA";"PPS";"15.166";"0,090"
"MA";"PR";"26.580";"0,158"
"MA";"PRB";"16.524";"0,098"
"MA";"PROS";"4.669";"0,028"
"MA";"PRP";"17.583";"0,105"
"MA";"PRTB";"13.784";"0,082"
"MA";"PSB";"24.120";"0,144"
"MA";"PSC";"17.222";"0,103"
"MA";"PSD";"10.279";"0,061"
"MA";"PSDB";"34.517";"0,206"
"MA";"PSL";"13.840";"0,082"
"MA";"PSOL";"3.795";"0,023"
"MA";"PSTU";"229";"0,001"
"MA";"PT";"27.927";"0,166"
"MA";"PTB";"42.972";"0,256"
"MA";"PTC";"11.049";"0,066"
"MA";"PV";"23.552";"0,140"
"MA";"REDE";"1.016";"0,006"
"MA";"SD";"12.993";"0,077"
"MG";"AVANTE";"23.170";"0,138"
"MG";"DC";"19.800";"0,118"
"MG";"DEM";"143.607";"0,856"
"MG";"MDB";"220.918";"1,317"
"MG";"NOVO";"1.916";"0,011"
"MG";"PATRI";"7.333";"0,044"
"MG";"PC DO B";"31.065";"0,185"
"MG";"PCB";"364";"0,002"
"MG";"PCO";"715";"0,004"
"MG";"PDT";"108.743";"0,648"
"MG";"PHS";"28.919";"0,172"
"MG";"PMB";"1.629";"0,010"
"MG";"PMN";"31.940";"0,190"
"MG";"PODE";"17.209";"0,103"
"MG";"PP";"142.444";"0,849"
"MG";"PPL";"4.083";"0,024"
"MG";"PPS";"50.281";"0,300"
"MG";"PR";"99.537";"0,593"
"MG";"PRB";"33.663";"0,201"
"MG";"PROS";"11.681";"0,070"
"MG";"PRP";"17.773";"0,106"
"MG";"PRTB";"19.017";"0,113"
"MG";"PSB";"50.660";"0,302"
"MG";"PSC";"50.647";"0,302"
"MG";"PSD";"29.728";"0,177"
"MG";"PSDB";"156.105";"0,930"
"MG";"PSL";"26.437";"0,158"
"MG";"PSOL";"5.869";"0,035"
"MG";"PSTU";"1.206";"0,007"
"MG";"PT";"177.924";"1,060"
"MG";"PTB";"141.809";"0,845"
"MG";"PTC";"28.147";"0,168"
"MG";"PV";"48.467";"0,289"
"MG";"REDE";"2.712";"0,016"
"MG";"SD";"22.276";"0,133"
"MS";"AVANTE";"3.656";"0,022"
"MS";"DC";"2.017";"0,012"
"MS";"DEM";"17.326";"0,103"
"MS";"MDB";"50.075";"0,298"
"MS";"NOVO";"327";"0,002"
"MS";"PATRI";"2.497";"0,015"
"MS";"PC DO B";"1.754";"0,010"
"MS";"PCB";"320";"0,002"
"MS";"PCO";"38";"0,000"
"MS";"PDT";"22.479";"0,134"
"MS";"PHS";"2.144";"0,013"
"MS";"PMB";"729";"0,004"
"MS";"PMN";"3.448";"0,021"
"MS";"PODE";"3.508";"0,021"
"MS";"PP";"19.506";"0,116"
"MS";"PPL";"1.198";"0,007"
"MS";"PPS";"7.784";"0,046"
"MS";"PR";"16.292";"0,097"
"MS";"PRB";"18.105";"0,108"
"MS";"PROS";"1.643";"0,010"
"MS";"PRP";"3.209";"0,019"
"MS";"PRTB";"396";"0,002"
"MS";"PSB";"8.192";"0,049"
"MS";"PSC";"5.177";"0,031"
"MS";"PSD";"5.955";"0,035"
"MS";"PSDB";"31.381";"0,187"
"MS";"PSL";"3.064";"0,018"
"MS";"PSOL";"1.749";"0,010"
"MS";"PSTU";"427";"0,003"
"MS";"PT";"36.987";"0,220"
"MS";"PTB";"21.992";"0,131"
"MS";"PTC";"3.773";"0,022"
"MS";"PV";"5.659";"0,034"
"MS";"REDE";"135";"0,001"
"MS";"SD";"5.006";"0,030"
"MT";"AVANTE";"1.144";"0,007"
"MT";"DC";"2.466";"0,015"
"MT";"DEM";"56.650";"0,338"
"MT";"MDB";"40.352";"0,240"
"MT";"NOVO";"392";"0,002"
"MT";"PATRI";"518";"0,003"
"MT";"PC DO B";"1.754";"0,010"
"MT";"PCB";"7";"0,000"
"MT";"PCO";"20";"0,000"
"MT";"PDT";"20.075";"0,120"
"MT";"PHS";"2.292";"0,014"
"MT";"PMB";"1.086";"0,006"
"MT";"PMN";"3.520";"0,021"
"MT";"PODE";"1.483";"0,009"
"MT";"PP";"20.569";"0,123"
"MT";"PPL";"402";"0,002"
"MT";"PPS";"29.740";"0,177"
"MT";"PR";"28.667";"0,171"
"MT";"PRB";"8.815";"0,053"
"MT";"PROS";"1.839";"0,011"
"MT";"PRP";"2.875";"0,017"
"MT";"PRTB";"1.057";"0,006"
"MT";"PSB";"17.084";"0,102"
"MT";"PSC";"10.022";"0,060"
"MT";"PSD";"12.362";"0,074"
"MT";"PSDB";"33.954";"0,202"
"MT";"PSL";"3.503";"0,021"
"MT";"PSOL";"1.238";"0,007"
"MT";"PSTU";"91";"0,001"
"MT";"PT";"20.206";"0,120"
"MT";"PTB";"16.295";"0,097"
"MT";"PTC";"1.279";"0,008"
"MT";"PV";"7.987";"0,048"
"MT";"REDE";"334";"0,002"
"MT";"SD";"10.955";"0,065"
"PA";"AVANTE";"6.091";"0,036"
"PA";"DC";"6.651";"0,040"
"PA";"DEM";"26.211";"0,156"
"PA";"MDB";"68.954";"0,411"
"PA";"NOVO";"204";"0,001"
"PA";"PATRI";"7.179";"0,043"
"PA";"PC DO B";"13.648";"0,081"
"PA";"PCB";"1.364";"0,008"
"PA";"PCO";"11";"0,000"
"PA";"PDT";"28.898";"0,172"
"PA";"PHS";"6.833";"0,041"
"PA";"PMB";"1.485";"0,009"
"PA";"PMN";"8.732";"0,052"
"PA";"PODE";"5.349";"0,032"
"PA";"PP";"28.491";"0,170"
"PA";"PPL";"1.839";"0,011"
"PA";"PPS";"17.121";"0,102"
"PA";"PR";"31.101";"0,185"
"PA";"PRB";"33.966";"0,202"
"PA";"PROS";"5.899";"0,035"
"PA";"PRP";"8.881";"0,053"
"PA";"PRTB";"4.165";"0,025"
"PA";"PSB";"29.207";"0,174"
"PA";"PSC";"26.672";"0,159"
"PA";"PSD";"11.071";"0,066"
"PA";"PSDB";"41.294";"0,246"
"PA";"PSL";"8.190";"0,049"
"PA";"PSOL";"15.543";"0,093"
"PA";"PSTU";"894";"0,005"
"PA";"PT";"61.423";"0,366"
"PA";"PTB";"31.363";"0,187"
"PA";"PTC";"4.694";"0,028"
"PA";"PV";"12.288";"0,073"
"PA";"REDE";"440";"0,003"
"PA";"SD";"11.518";"0,069"
"PB";"AVANTE";"6.548";"0,039"
"PB";"DC";"4.997";"0,030"
"PB";"DEM";"35.741";"0,213"
"PB";"MDB";"49.894";"0,297"
"PB";"NOVO";"178";"0,001"
"PB";"PATRI";"1.257";"0,007"
"PB";"PC DO B";"7.409";"0,044"
"PB";"PCB";"21";"0,000"
"PB";"PCO";"112";"0,001"
"PB";"PDT";"16.262";"0,097"
"PB";"PHS";"3.159";"0,019"
"PB";"PMB";"840";"0,005"
"PB";"PMN";"2.993";"0,018"
"PB";"PODE";"4.123";"0,025"
"PB";"PP";"25.630";"0,153"
"PB";"PPL";"1.228";"0,007"
"PB";"PPS";"8.347";"0,050"
"PB";"PR";"17.337";"0,103"
"PB";"PRB";"11.160";"0,067"
"PB";"PROS";"1.643";"0,010"
"PB";"PRP";"5.243";"0,031"
"PB";"PRTB";"2.982";"0,018"
"PB";"PSB";"19.711";"0,117"
"PB";"PSC";"6.261";"0,037"
"PB";"PSD";"9.893";"0,059"
"PB";"PSDB";"33.899";"0,202"
"PB";"PSL";"8.314";"0,050"
"PB";"PSOL";"1.367";"0,008"
"PB";"PSTU";"97";"0,001"
"PB";"PT";"29.057";"0,173"
"PB";"PTB";"21.479";"0,128"
"PB";"PTC";"3.257";"0,019"
"PB";"PV";"6.172";"0,037"
"PB";"REDE";"430";"0,003"
"PB";"SD";"2.035";"0,012"
"PE";"AVANTE";"6.988";"0,042"
"PE";"DC";"11.056";"0,066"
"PE";"DEM";"38.559";"0,230"
"PE";"MDB";"53.275";"0,317"
"PE";"NOVO";"340";"0,002"
"PE";"PATRI";"1.621";"0,010"
"PE";"PC DO B";"20.078";"0,120"
"PE";"PCB";"1.213";"0,007"
"PE";"PCO";"127";"0,001"
"PE";"PDT";"46.885";"0,279"
"PE";"PHS";"12.242";"0,073"
"PE";"PMB";"869";"0,005"
"PE";"PMN";"17.009";"0,101"
"PE";"PODE";"4.395";"0,026"
"PE";"PP";"62.031";"0,370"
"PE";"PPL";"1.728";"0,010"
"PE";"PPS";"16.536";"0,099"
"PE";"PR";"30.234";"0,180"
"PE";"PRB";"10.926";"0,065"
"PE";"PROS";"3.300";"0,020"
"PE";"PRP";"11.240";"0,067"
"PE";"PRTB";"5.602";"0,033"
"PE";"PSB";"34.326";"0,205"
"PE";"PSC";"14.796";"0,088"
"PE";"PSD";"7.743";"0,046"
"PE";"PSDB";"40.067";"0,239"
"PE";"PSL";"15.728";"0,094"
"PE";"PSOL";"7.550";"0,045"
"PE";"PSTU";"262";"0,002"
"PE";"PT";"59.555";"0,355"
"PE";"PTB";"38.466";"0,229"
"PE";"PTC";"13.164";"0,078"
"PE";"PV";"13.805";"0,082"
"PE";"REDE";"1.193";"0,007"
"PE";"SD";"10.415";"0,062"
"PI";"AVANTE";"1.907";"0,011"
"PI";"DC";"1.633";"0,010"
"PI";"DEM";"25.526";"0,152"
"PI";"MDB";"39.679";"0,236"
"PI";"NOVO";"53";"0,000"
"PI";"PATRI";"1.405";"0,008"
"PI";"PC DO B";"11.698";"0,070"
"PI";"PCB";"576";"0,003"
"PI";"PCO";"60";"0,000"
"PI";"PDT";"15.347";"0,091"
"PI";"PHS";"2.567";"0,015"
"PI";"PMB";"1.523";"0,009"
"PI";"PMN";"4.261";"0,025"
"PI";"PODE";"2.477";"0,015"
"PI";"PP";"23.182";"0,138"
"PI";"PPL";"860";"0,005"
"PI";"PPS";"12.804";"0,076"
"PI";"PR";"12.289";"0,073"
"PI";"PRB";"7.233";"0,043"
"PI";"PROS";"1.871";"0,011"
"PI";"PRP";"7.714";"0,046"
"PI";"PRTB";"5.268";"0,031"
"PI";"PSB";"17.571";"0,105"
"PI";"PSC";"4.104";"0,024"
"PI";"PSD";"7.921";"0,047"
"PI";"PSDB";"25.958";"0,155"
"PI";"PSL";"2.803";"0,017"
"PI";"PSOL";"1.172";"0,007"
"PI";"PSTU";"220";"0,001"
"PI";"PT";"27.988";"0,167"
"PI";"PTB";"25.671";"0,153"
"PI";"PTC";"3.931";"0,023"
"PI";"PV";"5.706";"0,034"
"PI";"REDE";"538";"0,003"
"PI";"SD";"4.733";"0,028"
"PR";"AVANTE";"5.856";"0,035"
"PR";"DC";"9.085";"0,054"
"PR";"DEM";"71.559";"0,426"
"PR";"MDB";"188.015";"1,120"
"PR";"NOVO";"1.206";"0,007"
"PR";"PATRI";"4.229";"0,025"
"PR";"PC DO B";"7.178";"0,043"
"PR";"PCB";"568";"0,003"
"PR";"PCO";"70";"0,000"
"PR";"PDT";"74.607";"0,445"
"PR";"PHS";"12.713";"0,076"
"PR";"PMB";"2.399";"0,014"
"PR";"PMN";"10.877";"0,065"
"PR";"PODE";"11.111";"0,066"
"PR";"PP";"112.594";"0,671"
"PR";"PPL";"3.037";"0,018"
"PR";"PPS";"33.188";"0,198"
"PR";"PR";"49.819";"0,297"
"PR";"PRB";"13.946";"0,083"
"PR";"PROS";"5.615";"0,033"
"PR";"PRP";"12.400";"0,074"
"PR";"PRTB";"7.374";"0,044"
"PR";"PSB";"32.442";"0,193"
"PR";"PSC";"45.605";"0,272"
"PR";"PSD";"24.451";"0,146"
"PR";"PSDB";"87.614";"0,522"
"PR";"PSL";"18.231";"0,109"
"PR";"PSOL";"2.236";"0,013"
"PR";"PSTU";"196";"0,001"
"PR";"PT";"77.385";"0,461"
"PR";"PTB";"68.954";"0,411"
"PR";"PTC";"9.192";"0,055"
"PR";"PV";"28.688";"0,171"
"PR";"REDE";"762";"0,005"
"PR";"SD";"8.356";"0,050"
"RJ";"AVANTE";"27.286";"0,163"
"RJ";"DC";"15.475";"0,092"
"RJ";"DEM";"39.362";"0,235"
"RJ";"MDB";"142.873";"0,851"
"RJ";"NOVO";"2.598";"0,015"
"RJ";"PATRI";"3.271";"0,019"
"RJ";"PC DO B";"27.649";"0,165"
"RJ";"PCB";"1.501";"0,009"
"RJ";"PCO";"243";"0,001"
"RJ";"PDT";"196.236";"1,169"
"RJ";"PHS";"19.159";"0,114"
"RJ";"PMB";"4.031";"0,024"
"RJ";"PMN";"19.958";"0,119"
"RJ";"PODE";"15.655";"0,093"
"RJ";"PP";"61.799";"0,368"
"RJ";"PPL";"4.293";"0,026"
"RJ";"PPS";"22.633";"0,135"
"RJ";"PR";"58.689";"0,350"
"RJ";"PRB";"19.259";"0,115"
"RJ";"PROS";"4.800";"0,029"
"RJ";"PRP";"15.399";"0,092"
"RJ";"PRTB";"9.795";"0,058"
"RJ";"PSB";"44.299";"0,264"
"RJ";"PSC";"26.333";"0,157"
"RJ";"PSD";"6.389";"0,038"
"RJ";"PSDB";"97.673";"0,582"
"RJ";"PSL";"11.659";"0,069"
"RJ";"PSOL";"19.577";"0,117"
"RJ";"PSTU";"1.825";"0,011"
"RJ";"PT";"121.756";"0,726"
"RJ";"PTB";"53.830";"0,321"
"RJ";"PTC";"17.122";"0,102"
"RJ";"PV";"23.090";"0,138"
"RJ";"REDE";"2.193";"0,013"
"RJ";"SD";"8.303";"0,049"
"RN";"AVANTE";"2.908";"0,017"
"RN";"DC";"3.366";"0,020"
"RN";"DEM";"25.769";"0,154"
"RN";"MDB";"39.585";"0,236"
"RN";"NOVO";"218";"0,001"
"RN";"PATRI";"2.317";"0,014"
"RN";"PC DO B";"8.214";"0,049"
"RN";"PCB";"169";"0,001"
"RN";"PCO";"23";"0,000"
"RN";"PDT";"12.371";"0,074"
"RN";"PHS";"6.444";"0,038"
"RN";"PMB";"1.503";"0,009"
"RN";"PMN";"6.496";"0,039"
"RN";"PODE";"3.326";"0,020"
"RN";"PP";"20.397";"0,122"
"RN";"PPL";"194";"0,001"
"RN";"PPS";"8.395";"0,050"
"RN";"PR";"17.452";"0,104"
"RN";"PRB";"7.701";"0,046"
"RN";"PROS";"1.774";"0,011"
"RN";"PRP";"2.157";"0,013"
"RN";"PRTB";"801";"0,005"
"RN";"PSB";"14.083";"0,084"
"RN";"PSC";"4.202";"0,025"
"RN";"PSD";"11.453";"0,068"
"RN";"PSDB";"20.198";"0,120"
"RN";"PSL";"2.954";"0,018"
"RN";"PSOL";"3.915";"0,023"
"RN";"PSTU";"1.061";"0,006"
"RN";"PT";"13.011";"0,078"
"RN";"PTB";"13.492";"0,080"
"RN";"PTC";"1.860";"0,011"
"RN";"PV";"7.150";"0,043"
"RN";"REDE";"280";"0,002"
"RN";"SD";"5.371";"0,032"
"RO";"AVANTE";"1.666";"0,010"
"RO";"DC";"5.437";"0,032"
"RO";"DEM";"9.534";"0,057"
"RO";"MDB";"22.938";"0,137"
"RO";"NOVO";"73";"0,000"
"RO";"PATRI";"503";"0,003"
"RO";"PC DO B";"3.452";"0,021"
"RO";"PCB";"121";"0,001"
"RO";"PCO";"18";"0,000"
"RO";"PDT";"10.309";"0,061"
"RO";"PHS";"1.760";"0,010"
"RO";"PMB";"15";"0,000"
"RO";"PMN";"2.592";"0,015"
"RO";"PODE";"3.465";"0,021"
"RO";"PP";"15.696";"0,094"
"RO";"PPL";"55";"0,000"
"RO";"PPS";"3.516";"0,021"
"RO";"PR";"6.586";"0,039"
"RO";"PRB";"3.945";"0,024"
"RO";"PROS";"742";"0,004"
"RO";"PRP";"2.647";"0,016"
"RO";"PRTB";"680";"0,004"
"RO";"PSB";"7.417";"0,044"
"RO";"PSC";"5.205";"0,031"
"RO";"PSD";"2.070";"0,012"
"RO";"PSDB";"18.293";"0,109"
"RO";"PSL";"2.727";"0,016"
"RO";"PSOL";"767";"0,005"
"RO";"PSTU";"387";"0,002"
"RO";"PT";"13.729";"0,082"
"RO";"PTB";"12.714";"0,076"
"RO";"PTC";"2.183";"0,013"
"RO";"PV";"6.648";"0,040"
"RO";"REDE";"190";"0,001"
"RO";"SD";"1.724";"0,010"
"RR";"AVANTE";"579";"0,003"
"RR";"DC";"1.196";"0,007"
"RR";"DEM";"3.386";"0,020"
"RR";"MDB";"3.218";"0,019"
"RR";"NOVO";"31";"0,000"
"RR";"PATRI";"437";"0,003"
"RR";"PC DO B";"1.322";"0,008"
"RR";"PCB";"15";"0,000"
"RR";"PCO";"49";"0,000"
"RR";"PDT";"5.119";"0,031"
"RR";"PHS";"982";"0,006"
"RR";"PMB";"255";"0,002"
"RR";"PMN";"1.370";"0,008"
"RR";"PODE";"1.219";"0,007"
"RR";"PP";"4.527";"0,027"
"RR";"PPL";"188";"0,001"
"RR";"PPS";"1.928";"0,011"
"RR";"PR";"2.139";"0,013"
"RR";"PRB";"2.016";"0,012"
"RR";"PROS";"414";"0,002"
"RR";"PRP";"6.959";"0,041"
"RR";"PRTB";"2.298";"0,014"
"RR";"PSB";"1.313";"0,008"
"RR";"PSC";"904";"0,005"
"RR";"PSD";"740";"0,004"
"RR";"PSDB";"5.175";"0,031"
"RR";"PSL";"1.186";"0,007"
"RR";"PSOL";"517";"0,003"
"RR";"PSTU";"28";"0,000"
"RR";"PT";"1.462";"0,009"
"RR";"PTB";"4.175";"0,025"
"RR";"PTC";"459";"0,003"
"RR";"PV";"1.073";"0,006"
"RR";"REDE";"106";"0,001"
"RR";"SD";"632";"0,004"
"RS";"AVANTE";"3.675";"0,022"
"RS";"DC";"1.506";"0,009"
"RS";"DEM";"58.585";"0,349"
"RS";"MDB";"261.991";"1,561"
"RS";"NOVO";"1.650";"0,010"
"RS";"PATRI";"1.736";"0,010"
"RS";"PC DO B";"22.661";"0,135"
"RS";"PCB";"206";"0,001"
"RS";"PCO";"118";"0,001"
"RS";"PDT";"263.626";"1,571"
"RS";"PHS";"7.649";"0,046"
"RS";"PMB";"43";"0,000"
"RS";"PMN";"1.913";"0,011"
"RS";"PODE";"1.552";"0,009"
"RS";"PP";"217.766";"1,298"
"RS";"PPL";"1.184";"0,007"
"RS";"PPS";"29.405";"0,175"
"RS";"PR";"23.775";"0,142"
"RS";"PRB";"21.830";"0,130"
"RS";"PROS";"2.140";"0,013"
"RS";"PRP";"643";"0,004"
"RS";"PRTB";"1.816";"0,011"
"RS";"PSB";"59.427";"0,354"
"RS";"PSC";"8.024";"0,048"
"RS";"PSD";"14.388";"0,086"
"RS";"PSDB";"98.801";"0,589"
"RS";"PSL";"3.228";"0,019"
"RS";"PSOL";"10.541";"0,063"
"RS";"PSTU";"838";"0,005"
"RS";"PT";"148.192";"0,883"
"RS";"PTB";"128.974";"0,769"
"RS";"PTC";"2.929";"0,017"
"RS";"PV";"8.815";"0,053"
"RS";"REDE";"2.399";"0,014"
"RS";"SD";"7.667";"0,046"
"SC";"AVANTE";"973";"0,006"
"SC";"DC";"2.148";"0,013"
"SC";"DEM";"110.305";"0,657"
"SC";"MDB";"196.081";"1,169"
"SC";"NOVO";"1.075";"0,006"
"SC";"PATRI";"1.742";"0,010"
"SC";"PC DO B";"6.687";"0,040"
"SC";"PCB";"30";"0,000"
"SC";"PCO";"27";"0,000"
"SC";"PDT";"42.570";"0,254"
"SC";"PHS";"1.831";"0,011"
"SC";"PMB";"53";"0,000"
"SC";"PMN";"2.417";"0,014"
"SC";"PODE";"1.619";"0,010"
"SC";"PP";"140.748";"0,839"
"SC";"PPL";"219";"0,001"
"SC";"PPS";"22.530";"0,134"
"SC";"PR";"37.551";"0,224"
"SC";"PRB";"14.882";"0,089"
"SC";"PROS";"656";"0,004"
"SC";"PRP";"4.705";"0,028"
"SC";"PRTB";"766";"0,005"
"SC";"PSB";"19.834";"0,118"
"SC";"PSC";"11.934";"0,071"
"SC";"PSD";"48.901";"0,291"
"SC";"PSDB";"105.062";"0,626"
"SC";"PSL";"2.983";"0,018"
"SC";"PSOL";"1.792";"0,011"
"SC";"PSTU";"275";"0,002"
"SC";"PT";"58.349";"0,348"
"SC";"PTB";"24.329";"0,145"
"SC";"PTC";"9.236";"0,055"
"SC";"PV";"6.149";"0,037"
"SC";"REDE";"417";"0,002"
"SC";"SD";"4.551";"0,027"
"SE";"AVANTE";"3.518";"0,021"
"SE";"DC";"1.892";"0,011"
"SE";"DEM";"12.701";"0,076"
"SE";"MDB";"15.689";"0,093"
"SE";"NOVO";"110";"0,001"
"SE";"PATRI";"1.156";"0,007"
"SE";"PC DO B";"5.220";"0,031"
"SE";"PCB";"945";"0,006"
"SE";"PCO";"86";"0,001"
"SE";"PDT";"10.979";"0,065"
"SE";"PHS";"3.457";"0,021"
"SE";"PMB";"340";"0,002"
"SE";"PMN";"4.063";"0,024"
"SE";"PODE";"3.293";"0,020"
"SE";"PP";"9.221";"0,055"
"SE";"PPL";"556";"0,003"
"SE";"PPS";"10.132";"0,060"
"SE";"PR";"9.128";"0,054"
"SE";"PRB";"4.287";"0,026"
"SE";"PROS";"1.351";"0,008"
"SE";"PRP";"2.675";"0,016"
"SE";"PRTB";"1.503";"0,009"
"SE";"PSB";"9.178";"0,055"
"SE";"PSC";"6.468";"0,039"
"SE";"PSD";"3.784";"0,023"
"SE";"PSDB";"11.172";"0,067"
"SE";"PSL";"4.209";"0,025"
"SE";"PSOL";"777";"0,005"
"SE";"PSTU";"906";"0,005"
"SE";"PT";"16.281";"0,097"
"SE";"PTB";"9.276";"0,055"
"SE";"PTC";"3.228";"0,019"
"SE";"PV";"5.115";"0,030"
"SE";"REDE";"661";"0,004"
"SE";"SD";"3.223";"0,019"
"SP";"AVANTE";"31.668";"0,189"
"SP";"DC";"43.115";"0,257"
"SP";"DEM";"129.089";"0,769"
"SP";"MDB";"522.275";"3,112"
"SP";"NOVO";"6.166";"0,037"
"SP";"PATRI";"17.900";"0,107"
"SP";"PC DO B";"74.295";"0,443"
"SP";"PCB";"1.798";"0,011"
"SP";"PCO";"841";"0,005"
"SP";"PDT";"155.340";"0,926"
"SP";"PHS";"34.468";"0,205"
"SP";"PMB";"9.415";"0,056"
"SP";"PMN";"36.002";"0,215"
"SP";"PODE";"28.014";"0,167"
"SP";"PP";"225.168";"1,342"
"SP";"PPL";"5.050";"0,030"
"SP";"PPS";"93.552";"0,558"
"SP";"PR";"149.751";"0,892"
"SP";"PRB";"60.593";"0,361"
"SP";"PROS";"14.722";"0,088"
"SP";"PRP";"66.552";"0,397"
"SP";"PRTB";"18.950";"0,113"
"SP";"PSB";"123.283";"0,735"
"SP";"PSC";"58.373";"0,348"
"SP";"PSD";"42.854";"0,255"
"SP";"PSDB";"309.788";"1,846"
"SP";"PSL";"44.685";"0,266"
"SP";"PSOL";"27.319";"0,163"
"SP";"PSTU";"3.817";"0,023"
"SP";"PT";"382.838";"2,281"
"SP";"PTB";"334.311";"1,992"
"SP";"PTC";"22.051";"0,131"
"SP";"PV";"94.013";"0,560"
"SP";"REDE";"2.482";"0,015"
"SP";"SD";"44.869";"0,267"
"TO";"AVANTE";"514";"0,003"
"TO";"DC";"1.816";"0,011"
"TO";"DEM";"18.256";"0,109"
"TO";"MDB";"32.852";"0,196"
"TO";"NOVO";"29";"0,000"
"TO";"PATRI";"1.317";"0,008"
"TO";"PC DO B";"1.718";"0,010"
"TO";"PCB";"42";"0,000"
"TO";"PCO";"1";"0,000"
"TO";"PDT";"8.048";"0,048"
"TO";"PHS";"2.312";"0,014"
"TO";"PMB";"264";"0,002"
"TO";"PMN";"2.442";"0,015"
"TO";"PODE";"2.967";"0,018"
"TO";"PP";"19.149";"0,114"
"TO";"PPL";"371";"0,002"
"TO";"PPS";"6.659";"0,040"
"TO";"PR";"13.062";"0,078"
"TO";"PRB";"6.180";"0,037"
"TO";"PROS";"2.027";"0,012"
"TO";"PRP";"2.272";"0,014"
"TO";"PRTB";"3.044";"0,018"
"TO";"PSB";"9.033";"0,054"
"TO";"PSC";"3.473";"0,021"
"TO";"PSD";"7.310";"0,044"
"TO";"PSDB";"16.603";"0,099"
"TO";"PSL";"3.538";"0,021"
"TO";"PSOL";"632";"0,004"
"TO";"PSTU";"9";"0,000"
"TO";"PT";"12.757";"0,076"
"TO";"PTB";"9.981";"0,059"
"TO";"PTC";"2.714";"0,016"
"TO";"PV";"6.715";"0,040"
"TO";"REDE";"188";"0,001"
"TO";"SD";"2.214";"0,013"
"TOTAL";"";"16.780.417";""
"ZZ";"AVANTE";"7";"0,000"
"ZZ";"DC";"4";"0,000"
"ZZ";"DEM";"95";"0,001"
"ZZ";"MDB";"223";"0,001"
"ZZ";"NOVO";"30";"0,000"
"ZZ";"PC DO B";"13";"0,000"
"ZZ";"PCB";"2";"0,000"
"ZZ";"PDT";"100";"0,001"
"ZZ";"PHS";"4";"0,000"
"ZZ";"PMN";"11";"0,000"
"ZZ";"PODE";"4";"0,000"
"ZZ";"PP";"124";"0,001"
"ZZ";"PPS";"28";"0,000"
"ZZ";"PR";"69";"0,000"
"ZZ";"PRP";"13";"0,000"
"ZZ";"PRTB";"3";"0,000"
"ZZ";"PSB";"45";"0,000"
"ZZ";"PSC";"19";"0,000"
"ZZ";"PSDB";"161";"0,001"
"ZZ";"PSL";"19";"0,000"
"ZZ";"PSTU";"1";"0,000"
"ZZ";"PT";"152";"0,001"
"ZZ";"PTB";"115";"0,001"
"ZZ";"PTC";"17";"0,000"
"ZZ";"PV";"24";"0,000"
